{"file":"logo_left.png","frames":{
"logo_ani_0":{"x":1,"y":1,"w":48,"h":48,"offX":1,"offY":1,"sourceW":50,"sourceH":50},
"logo_ani_1":{"x":1,"y":51,"w":48,"h":48,"offX":1,"offY":1,"sourceW":50,"sourceH":50},
"logo_ani_2":{"x":1,"y":101,"w":48,"h":48,"offX":1,"offY":1,"sourceW":50,"sourceH":50},
"logo_ani_3":{"x":101,"y":1,"w":47,"h":48,"offX":2,"offY":1,"sourceW":50,"sourceH":50},
"logo_ani_4":{"x":150,"y":50,"w":46,"h":46,"offX":2,"offY":2,"sourceW":50,"sourceH":50},
"logo_ani_5":{"x":198,"y":96,"w":42,"h":42,"offX":4,"offY":4,"sourceW":50,"sourceH":50},
"logo_ani_6":{"x":51,"y":51,"w":41,"h":41,"offX":5,"offY":4,"sourceW":50,"sourceH":50},
"logo_ani_7":{"x":94,"y":94,"w":40,"h":40,"offX":5,"offY":5,"sourceW":50,"sourceH":50},
"logo_ani_8":{"x":94,"y":136,"w":37,"h":37,"offX":7,"offY":6,"sourceW":50,"sourceH":50},
"logo_ani_9":{"x":133,"y":137,"w":36,"h":36,"offX":7,"offY":7,"sourceW":50,"sourceH":50},
"logo_ani_10":{"x":208,"y":140,"w":34,"h":35,"offX":8,"offY":7,"sourceW":50,"sourceH":50},
"logo_ani_11":{"x":208,"y":177,"w":34,"h":34,"offX":8,"offY":8,"sourceW":50,"sourceH":50},
"logo_ani_12":{"x":171,"y":140,"w":35,"h":35,"offX":8,"offY":7,"sourceW":50,"sourceH":50},
"logo_ani_13":{"x":90,"y":175,"w":34,"h":34,"offX":8,"offY":8,"sourceW":50,"sourceH":50},
"logo_ani_14":{"x":51,"y":137,"w":37,"h":37,"offX":7,"offY":6,"sourceW":50,"sourceH":50},
"logo_ani_15":{"x":136,"y":98,"w":37,"h":37,"offX":7,"offY":6,"sourceW":50,"sourceH":50},
"logo_ani_16":{"x":94,"y":51,"w":41,"h":41,"offX":5,"offY":4,"sourceW":50,"sourceH":50},
"logo_ani_17":{"x":51,"y":94,"w":41,"h":41,"offX":5,"offY":4,"sourceW":50,"sourceH":50},
"logo_ani_18":{"x":198,"y":50,"w":44,"h":44,"offX":3,"offY":3,"sourceW":50,"sourceH":50},
"logo_ani_19":{"x":150,"y":1,"w":47,"h":47,"offX":2,"offY":1,"sourceW":50,"sourceH":50},
"logo_ani_20":{"x":1,"y":151,"w":48,"h":48,"offX":1,"offY":1,"sourceW":50,"sourceH":50},
"logo_ani_21":{"x":199,"y":1,"w":47,"h":47,"offX":2,"offY":1,"sourceW":50,"sourceH":50},
"logo_ani_22":{"x":1,"y":201,"w":48,"h":48,"offX":1,"offY":1,"sourceW":50,"sourceH":50},
"logo_ani_23":{"x":51,"y":1,"w":48,"h":48,"offX":1,"offY":1,"sourceW":50,"sourceH":50}}}