{
  "api": "http://dev.fcbrains.com/games/family/json/api.json",
  "norm": "http://%H.fcbrains.com/games/%A/norm.txt",
  "fudaiitem": "http://%H.fcbrains.com/games/jbxt/item.json",
  "time": "http://%H.fcbrains.com/systime",
  "exponent": "http://%H.fcbrains.com/ginfo/fkxt/auxinfo/%U",
  "exponentnocache": "http://%H.fcbrains.com/ginfo/fkxt/auxinfonocache/%U",
  "medal": "http://%H.fcbrains.com/ginfo/xzxt/auxinfo/%U",
  "medalnocache": "http://%H.fcbrains.com/ginfo/xzxt/auxinfonocache/%U",
  "zqdn": "http://%H.fcbrains.com/games/zqdn/index.html",
  "zqdn_eq": "http://%H.fcbrains.com/games/zqdn_eq/index.html",
  "xxbginfo": "http://%H.fcbrains.com/ginfo/xxbg/auxinfo/%U",
  "fkxt": "http://%H.fcbrains.com/games/fkxt/index.html",
  "phxt": "http://%H.fcbrains.com/games/phxt/index.html",
  "jbxt": "http://%H.fcbrains.com/games/jbxt/index.html",
  "xzxt": "http://%H.fcbrains.com/games/xzxt/index.html",
  "getginfo": "http://%H.fcbrains.com/ginfo/%U",
  "newrank": "http://%H.fcbrains.com/%R/newrank",
  "getallranks": "http://%H.fcbrains.com/%R/allranks/%U",
  "getallrankls": "http://%H.fcbrains.com/%R/allrankls",
  "getbestranks": "http://%H.fcbrains.com/%R/bestranks/%U",
  "getbestrankls": "http://%H.fcbrains.com/%R/bestrankls",
  "getlastranks": "http://%H.fcbrains.com/%R/lastranks/%U",
  "getlastrankls": "http://%H.fcbrains.com/%R/lastrankls",
  "oprecord":"http://%H.fcbrains.com/%A/oprecord/%U",
  "getJSAPI":"http://%H.fcbrains.com/%A/mpjsauthinfo",
  "addfriend": "http://%H.fcbrains.com/%A/addfriend",
  "getfriends": "http://%H.fcbrains.com/getfriends",
  "auxinfo": "http://%H.fcbrains.com/ginfo/%A/auxinfo/%U",
  "getauxinfo": "http://%H.fcbrains.com/ginfo/%A/auxinfo/%U",
  "getauxinfobatch": "http://%H.fcbrains.com/ginfo/%A/auxinfo/batch",
  "getginfobatch": "http://%H.fcbrains.com/ginfo/batch",
  "getallzcount": "http://%H.fcbrains.com/%R/allzcount",
  "getbestzcount": "http://%H.fcbrains.com/%R/bestzcount",
  "getlastzcount": "http://%H.fcbrains.com/%R/lastzcount",
  "getmpuinfo": "http://%H.fcbrains.com/mpuinfo/%U",
  "getsystime": "http://%H.fcbrains.com/systime",
  "getbalance": "http://%H.fcbrains.com/ecosys/getbalance",
  "joinlottery": "http://%H.fcbrains.com/event/joinlottery",
  "joindailylottery": "http://%H.fcbrains.com/event/joindailylottery",
  "joinluckybag": "http://%H.fcbrains.com/event/joinluckybag",
  "joindailyluckybag": "http://%H.fcbrains.com/event/joindailyluckybag",
  "getallitems": "http://%H.fcbrains.com/ecosys/getallitems",
  "transfer": "http://%H.fcbrains.com/ecosys/transfer",
  "getfollowedby": "http://%H.fcbrains.com/%A/getfollowedby",
  "getfollowing": "http://%H.fcbrains.com/%A/getfollowing",
  "praise": "http://%H.fcbrains.com/%A/praise",
  "rcvpraises": "http://%H.fcbrains.com/%A/rcvpraises",
  "sndpraises": "http://%H.fcbrains.com/%A/sndpraises",
  "rcvpraisescnt": "http://%H.fcbrainse.com/%A/rcvpraisescnt",
  "friendsrcvpraisescnt": "http://%H.fcbrains.com/%A/friendsrcvpraisescnt",
  "getauxinfonocache": "http://%H.fcbrains.com/ginfo/%A/auxinfonocache/%U",
  "postmsg": "http://%H.fcbrains.com/%A/postmsg/%C",
  "rcvmsgs": "http://%H.fcbrains.com/%A/rcvmsgs/%C",
  "sndmsgs": "http://%H.fcbrains.com/%A/sndmsgs/%C",
  "clrrcvmsgs": "http://%H.fcbrains.com/%A/clrrcvmsgs/%C",
  "clrsndmsgs": "http://%H.fcbrains.com/%A/clrsndmsgs/C",
  "allranksbatch": "http://%H.fcbrains.com/%R/allranksbatch",
  "bestranksbatch": "http://%H.fcbrains.com/%R/bestranksbatch",
  "lastranksbatch": "http://%H.fcbrains.com/%R/lastranksbatch",
  "firstranksbatch": "http://%H.fcbrains.com/%R/firstranksbatch",
  "allranksfriends": "http://%H.fcbrains.com/%R/allranksfriends",
  "bestranksfriends": "http://%H.fcbrains.com/%R/bestranksfriends",
  "lastranksfriends": "http://%H.fcbrains.com/%R/lastranksfriends",
  "firstranksfriends": "http://%H.fcbrains.com/%R/firstranksfriends",
  "joinvote": "http://%H.fcbrains.com/event/joinvote",
  "votestat": "http://%H.fcbrains.com/event/votestat",
  "jointrade": "http://%H.fcbrains.com/event/jointrade",
  "newpersonalrank": "http://%H.fcbrains.com/%R/newpersonalrank",
  "personalranks": "http://%H.fcbrains.com/%R/personalranks",
  "personalranksls": "http://%H.fcbrains.com/%R/personalrankls",
  "multirank":"http://%H.fcbrains.com/multirank/newrank"
}