{
	"groups":[
	{
		"keys":"teamdata,modifydata,api,endbg,more,player_head_bg,player_rank0,player_rank1,rank_bg,rank_gaofen,rank_other,rank_quanqiu,rank_self,TryAgain,roundthumb_png,track_sb,ball,game_bg,player0,player1,ballfield,ballnet,ball1,net0,net1,player_headbg,waiting",
		"name":"preload"
	},
	{
		"keys":"loading_bg,loading_text,logo_left,logo_right,leveldata",
		"name":"loading"
	}],
	"resources":[
	{
		"name":"loading_bg",
		"type":"image",
		"url":"assets/loading/loading_bg.png"
	},
	{
		"name":"logo_right",
		"type":"image",
		"url":"assets/loading/logo_right.png"
	},
	{
		"name":"logo_left",
		"subkeys":"logo_ani_0,logo_ani_1,logo_ani_10,logo_ani_11,logo_ani_12,logo_ani_13,logo_ani_14,logo_ani_15,logo_ani_16,logo_ani_17,logo_ani_18,logo_ani_19,logo_ani_2,logo_ani_20,logo_ani_21,logo_ani_22,logo_ani_23,logo_ani_3,logo_ani_4,logo_ani_5,logo_ani_6,logo_ani_7,logo_ani_8,logo_ani_9",
		"type":"sheet",
		"url":"assets/loading/logo_left.json"
	},
	{
		"name":"loading_text",
		"subkeys":"1,2,3,a,d,g,i,l,n,o",
		"type":"sheet",
		"url":"assets/loading/loading_text.json"
	},
	{
		"name":"api",
		"type":"json",
		"url":"assets/json/api.json"
	},
	{
		"name":"leveldata",
		"type":"json",
		"url":"assets/json/leveldata.json"
	},
	{
		"name":"teamdata",
		"type":"json",
		"url":"assets/json/teamdata.json"
	},
	{
		"name":"modifydata",
		"type":"json",
		"url":"assets/json/modifydata.json"
	},
	{
		"name":"endbg",
		"type":"image",
		"url":"assets/end/endbg.png"
	},
	{
		"name":"more",
		"type":"image",
		"url":"assets/end/more.png"
	},
	{
		"name":"player_head_bg",
		"type":"image",
		"url":"assets/end/player_head_bg.jpg"
	},
	{
		"name":"player_rank0",
		"type":"image",
		"url":"assets/end/player_rank0.png"
	},
	{
		"name":"player_rank1",
		"type":"image",
		"url":"assets/end/player_rank1.png"
	},
	{
		"name":"rank_bg",
		"type":"image",
		"url":"assets/end/rank_bg.png"
	},
	{
		"name":"rank_gaofen",
		"type":"image",
		"url":"assets/end/rank_gaofen.png"
	},
	{
		"name":"rank_other",
		"type":"image",
		"url":"assets/end/rank_other.png"
	},
	{
		"name":"rank_quanqiu",
		"type":"image",
		"url":"assets/end/rank_quanqiu.png"
	},
	{
		"name":"rank_self",
		"type":"image",
		"url":"assets/end/rank_self.png"
	},
	{
		"name":"TryAgain",
		"type":"image",
		"url":"assets/end/TryAgain.png"
	},
	{
		"name":"roundthumb_png",
		"type":"image",
		"url":"assets/simple/ScrollBar/roundthumb.png"
	},
	{
		"name":"track_sb",
		"type":"image",
		"url":"assets/simple/ScrollBar/track_sb.png"
	},
	{
		"name":"ball",
		"type":"image",
		"url":"assets/game/ball.png"
	},
	{
		"name":"game_bg",
		"type":"image",
		"url":"assets/game/game_bg.png"
	},
	{
		"name":"player0",
		"type":"image",
		"url":"assets/game/player0.png"
	},
	{
		"name":"player1",
		"type":"image",
		"url":"assets/game/player1.png"
	},
	{
		"name":"ballfield",
		"type":"image",
		"url":"assets/game/ballfield.png"
	},
	{
		"name":"ballnet",
		"type":"image",
		"url":"assets/game/ballnet.png"
	},
	{
		"name":"ball1",
		"type":"image",
		"url":"assets/game/ball1.png"
	},
	{
		"name":"net0",
		"type":"image",
		"url":"assets/game/net0.png"
	},
	{
		"name":"net1",
		"type":"image",
		"url":"assets/game/net1.png"
	},
	{
		"name":"player_headbg",
		"type":"image",
		"url":"assets/game/player_headbg.jpg"
	},
	{
		"name":"waiting",
		"type":"image",
		"url":"assets/game/waiting.png"
	},
	{
		"name":"select_net",
		"type":"image",
		"url":"assets/game/select_net.png"
	},
	{
		"name":"select_single",
		"type":"image",
		"url":"assets/game/select_single.png"
	}]
}