{
  "autoGenerateExmlsList": true,
  "exmls": [
    {
      "path": "resource/eui_skins/ButtonSkin.exml",
      "content": "<?xml version=\"1.0\" encoding=\"utf-8\" ?>\n<e:Skin class=\"skins.ButtonSkin\" states=\"up,down,disabled\" minHeight=\"50\" minWidth=\"100\" xmlns:e=\"http://ns.egret.com/eui\">\n    <e:Image width=\"100%\" height=\"100%\" scale9Grid=\"1,3,8,8\" alpha.disabled=\"0.5\"\n             source=\"button_up_png\"\n             source.down=\"button_down_png\"/>\n    <e:Label id=\"labelDisplay\" top=\"8\" bottom=\"8\" left=\"8\" right=\"8\"\n             size=\"20\" fontFamily=\"Tahoma 'Microsoft Yahei'\"\n             textColor=\"0xFFFFFF\" verticalAlign=\"middle\" textAlign=\"center\"/>\n    <e:Image id=\"iconDisplay\" horizontalCenter=\"0\" verticalCenter=\"0\"/>\n</e:Skin>\n"
    },
    {
      "path": "resource/eui_skins/CheckBoxSkin.exml",
      "content": "<?xml version=\"1.0\" encoding=\"utf-8\"?>\n<e:Skin class=\"skins.CheckBoxSkin\" states=\"up,down,disabled,upAndSelected,downAndSelected,disabledAndSelected\" xmlns:e=\"http://ns.egret.com/eui\">\n    <e:Group width=\"100%\" height=\"100%\">\n        <e:layout>\n            <e:HorizontalLayout verticalAlign=\"middle\"/>\n        </e:layout>\n        <e:Image fillMode=\"scale\" alpha=\"1\" alpha.disabled=\"0.5\" alpha.down=\"0.7\"\n                 source=\"checkbox_unselect_png\"\n                 source.upAndSelected=\"checkbox_select_up_png\"\n                 source.downAndSelected=\"checkbox_select_down_png\"\n                 source.disabledAndSelected=\"checkbox_select_disabled_png\"/>\n        <e:Label id=\"labelDisplay\" size=\"20\" textColor=\"0x707070\"\n                 textAlign=\"center\" verticalAlign=\"middle\"\n                 fontFamily=\"Tahoma\"/>\n    </e:Group>\n</e:Skin>\n"
    },
    {
      "path": "resource/eui_skins/HScrollBarSkin.exml",
      "content": "<?xml version=\"1.0\" encoding=\"utf-8\"?>\n<e:Skin class=\"skins.HScrollBarSkin\" minWidth=\"20\" minHeight=\"8\" xmlns:e=\"http://ns.egret.com/eui\">\n    <e:Image id=\"thumb\" source=\"roundthumb_png\" scale9Grid=\"3,3,2,2\" height=\"8\" width=\"30\" verticalCenter=\"0\"/>\n</e:Skin>\n"
    },
    {
      "path": "resource/eui_skins/HSliderSkin.exml",
      "content": "<?xml version=\"1.0\" encoding=\"utf-8\"?>\n<e:Skin class=\"skins.HSliderSkin\" minWidth=\"20\" minHeight=\"8\" xmlns:e=\"http://ns.egret.com/eui\">\n    <e:Image id=\"track\" source=\"track_sb_png\" scale9Grid=\"1,1,4,4\" width=\"100%\"\n             height=\"6\" verticalCenter=\"0\"/>\n    <e:Image id=\"thumb\" source=\"thumb_png\" verticalCenter=\"0\"/>\n</e:Skin>\n"
    },
    {
      "path": "resource/eui_skins/ItemRendererSkin.exml",
      "content": "<?xml version=\"1.0\" encoding=\"utf-8\" ?>\n<e:Skin class=\"skins.ItemRendererSkin\" states=\"up,down,disabled\" minHeight=\"50\" minWidth=\"100\" xmlns:e=\"http://ns.egret.com/eui\">\n    <e:Image width=\"100%\" height=\"100%\" scale9Grid=\"1,3,8,8\" alpha.disabled=\"0.5\"\n             source=\"button_up_png\"\n             source.down=\"button_down_png\"/>\n    <e:Label id=\"labelDisplay\" top=\"8\" bottom=\"8\" left=\"8\" right=\"8\"\n             size=\"20\" fontFamily=\"Tahoma 'Microsoft Yahei'\"\n             textColor=\"0xFFFFFF\" text=\"{data}\" verticalAlign=\"middle\" textAlign=\"center\"/>\n</e:Skin>\n"
    },
    {
      "path": "resource/eui_skins/PanelSkin.exml",
      "content": "<?xml version=\"1.0\" encoding=\"utf-8\"?>\n<e:Skin class=\"skins.PanelSkin\" minHeight=\"230\" minWidth=\"450\" xmlns:e=\"http://ns.egret.com/eui\">\n    <e:Image left=\"0\" right=\"0\" bottom=\"0\"  top=\"0\" source=\"border_png\" scale9Grid=\"2,2,12,12\" />\n    <e:Group id=\"moveArea\" left=\"0\" right=\"0\" top=\"0\" height=\"45\">\n        <e:Image left=\"0\" right=\"0\" bottom=\"0\"  top=\"0\" source=\"header_png\"/>\n        <e:Label id=\"titleDisplay\" size=\"20\" fontFamily=\"Tahoma\" textColor=\"0xFFFFFF\"\n                 wordWrap=\"false\" left=\"15\" right=\"5\" verticalCenter=\"0\"/>\n    </e:Group>\n    <e:Button id=\"closeButton\" label=\"close\" bottom=\"5\" horizontalCenter=\"0\"/>\n</e:Skin>\n"
    },
    {
      "path": "resource/eui_skins/ProgressBarSkin.exml",
      "content": "<?xml version=\"1.0\" encoding=\"utf-8\"?>\n<e:Skin class=\"skins.ProgressBarSkin\" minWidth=\"30\" minHeight=\"18\" xmlns:e=\"http://ns.egret.com/eui\">\n\t<e:Image source=\"track_pb_png\" scale9Grid=\"1,1,4,4\" width=\"100%\"\n\t\t\t height=\"100%\" verticalCenter=\"0\"/>\n\t<e:Image id=\"thumb\" height=\"100%\" width=\"100%\" source=\"thumb_pb_png\"/>\n\t<e:Label id=\"labelDisplay\" textAlign=\"center\" verticalAlign=\"middle\"\n\t\t\t size=\"15\" fontFamily=\"Tahoma\" textColor=\"0x707070\"\n\t\t\t horizontalCenter=\"0\" verticalCenter=\"0\"/>\n</e:Skin>\n"
    },
    {
      "path": "resource/eui_skins/RadioButtonSkin.exml",
      "content": "<?xml version=\"1.0\" encoding=\"utf-8\"?>\n<e:Skin class=\"skins.RadioButtonSkin\" states=\"up,down,disabled,upAndSelected,downAndSelected,disabledAndSelected\" xmlns:e=\"http://ns.egret.com/eui\">\n    <e:Group width=\"100%\" height=\"100%\">\n        <e:layout>\n            <e:HorizontalLayout verticalAlign=\"middle\"/>\n        </e:layout>\n        <e:Image fillMode=\"scale\" alpha=\"1\" alpha.disabled=\"0.5\" alpha.down=\"0.7\"\n                 source=\"radiobutton_unselect_png\"\n                 source.upAndSelected=\"radiobutton_select_up_png\"\n                 source.downAndSelected=\"radiobutton_select_down_png\"\n                 source.disabledAndSelected=\"radiobutton_select_disabled_png\"/>\n        <e:Label id=\"labelDisplay\" size=\"20\" textColor=\"0x707070\"\n                 textAlign=\"center\" verticalAlign=\"middle\"\n                 fontFamily=\"Tahoma\"/>\n    </e:Group>\n</e:Skin>\n"
    },
    {
      "path": "resource/eui_skins/ScrollerSkin.exml",
      "content": "<?xml version=\"1.0\" encoding=\"utf-8\"?>\n<e:Skin class=\"skins.ScrollerSkin\" minWidth=\"20\" minHeight=\"20\" xmlns:e=\"http://ns.egret.com/eui\">\n    <e:HScrollBar id=\"horizontalScrollBar\" width=\"100%\" bottom=\"0\"/>\n    <e:VScrollBar id=\"verticalScrollBar\" height=\"100%\" right=\"0\"/>\n</e:Skin>"
    },
    {
      "path": "resource/eui_skins/TextInputSkin.exml",
      "content": "<?xml version='1.0' encoding='utf-8'?>\n<e:Skin class=\"skins.TextInputSkin\" minHeight=\"40\" minWidth=\"300\" states=\"normal,disabled,normalWithPrompt,disabledWithPrompt\" xmlns:e=\"http://ns.egret.com/eui\">\n\t<e:Image width=\"100%\" height=\"100%\" scale9Grid=\"1,3,8,8\" source=\"button_up_png\"/>\n\t<e:Rect height=\"100%\" width=\"100%\" fillColor=\"0xffffff\"/>\n \t<e:EditableText id=\"textDisplay\" verticalCenter=\"0\" left=\"10\" right=\"10\"\n\t                textColor=\"0x000000\" textColor.disabled=\"0xff0000\" width=\"100%\" height=\"24\" size=\"20\" />\n\t<e:Label id=\"promptDisplay\" verticalCenter=\"0\" left=\"10\" right=\"10\"\n\t                textColor=\"0xa9a9a9\" width=\"100%\" height=\"24\" size=\"20\" touchEnabled=\"false\" includeIn=\"normalWithPrompt,disabledWithPrompt\"/>\n</e:Skin>"
    },
    {
      "path": "resource/eui_skins/ToggleSwitchSkin.exml",
      "content": "<?xml version=\"1.0\" encoding=\"utf-8\"?>\n<e:Skin class=\"skins.ToggleSwitchSkin\" states=\"up,down,disabled,upAndSelected,downAndSelected,disabledAndSelected\" xmlns:e=\"http://ns.egret.com/eui\">\n    <e:Image source=\"on_png\"\n             source.up=\"off_png\"\n             source.down=\"off_png\"\n             source.disabled=\"off_png\"/>\n    <e:Image source=\"handle_png\"\n             horizontalCenter=\"-18\"\n             horizontalCenter.upAndSelected=\"18\"\n             horizontalCenter.downAndSelected=\"18\"\n             horizontalCenter.disabledAndSelected=\"18\"\n             verticalCenter=\"0\"/>\n</e:Skin>\n"
    },
    {
      "path": "resource/eui_skins/VScrollBarSkin.exml",
      "content": "<?xml version=\"1.0\" encoding=\"utf-8\"?>\n<e:Skin class=\"skins.VScrollBarSkin\" minWidth=\"8\" minHeight=\"20\" xmlns:e=\"http://ns.egret.com/eui\">\n    <e:Image id=\"thumb\" source=\"roundthumb_png\" scale9Grid=\"3,3,2,2\" height=\"30\" width=\"8\" horizontalCenter=\"0\"/>\n</e:Skin>\n"
    },
    {
      "path": "resource/eui_skins/VSliderSkin.exml",
      "content": "<?xml version=\"1.0\" encoding=\"utf-8\"?>\n<e:Skin class=\"skins.VSliderSkin\" minWidth=\"25\" minHeight=\"30\" xmlns:e=\"http://ns.egret.com/eui\">\n    <e:Image id=\"track\" source=\"track_png\" scale9Grid=\"1,1,4,4\" width=\"7\" height=\"100%\" horizontalCenter=\"0\"/>\n    <e:Image id=\"thumb\" source=\"thumb_png\" horizontalCenter=\"0\" />\n</e:Skin>\n"
    },
    {
      "path": "src/skins/EndSkin.exml",
      "content": "<?xml version='1.0' encoding='utf-8'?>\n<e:Skin class=\"EndSkin\" width=\"640\" height=\"960\" xmlns:e=\"http://ns.egret.com/eui\" xmlns:w=\"http://ns.egret.com/wing\">\n\t<e:Image id=\"bg\" y=\"0\" rotation=\"0\" x=\"0\" source=\"game_bg\"/>\n\t<e:Label id=\"curScore_label\" x=\"148\" y=\"48\" verticalAlign=\"middle\" textAlign=\"center\" fontFamily=\"微软雅黑\" textColor=\"0xFFFFFF\" width=\"200\" height=\"80\" bold=\"true\"/>\n\t<e:Image id=\"rankButton_quanqiu\" x=\"76\" y=\"163\" width=\"249\" height=\"151\" source=\"player_rank1\"/>\n\t<e:Image id=\"rankButton_gaofen\" source=\"player_rank0\" x=\"327\" y=\"163\" width=\"249\" height=\"151\"/>\n\t<e:Image source=\"rank_quanqiu\" x=\"161\" y=\"183\" touchEnabled=\"false\"/>\n\t<e:Image source=\"rank_gaofen\" x=\"415\" y=\"183\" touchEnabled=\"false\"/>\n\t<e:Image source=\"rank_bg\" x=\"77\" y=\"233\" width=\"500\" height=\"464\"/>\n\t<e:Group id=\"player_rank_group\" height=\"464\" width=\"500\" x=\"77\" y=\"233\">\n\t\t<e:Scroller width=\"500\" height=\"464\" x=\"0\" y=\"0\">\n\t\t\t<e:Group id=\"player_rank_list\">\n\t\t\t\t<e:layout>\n\t\t\t\t\t<e:VerticalLayout/>\n\t\t\t\t</e:layout>\n\t\t\t</e:Group>\n\t\t</e:Scroller>\n\t\t<e:Scroller width=\"500\" height=\"464\" x=\"0\" y=\"0\">\n\t\t\t<e:Group id=\"player_rank_list1\" visible=\"false\">\n\t\t\t\t<e:layout>\n\t\t\t\t\t<e:VerticalLayout/>\n\t\t\t\t</e:layout>\n\t\t\t</e:Group>\n\t\t</e:Scroller>\n\t</e:Group>\n\t<e:Image id=\"end_more\" source=\"more\" horizontalCenter=\"-150.5\" verticalCenter=\"305.5\"/>\n\t<e:Image id=\"end_again\" source=\"TryAgain\" verticalCenter=\"304.5\" horizontalCenter=\"161.5\"/>\n</e:Skin>"
    },
    {
      "path": "src/skins/GameSelectSkin.exml",
      "content": "<?xml version='1.0' encoding='utf-8'?>\n<e:Skin class=\"GameSelectSkin\" width=\"640\" height=\"960\" xmlns:e=\"http://ns.egret.com/eui\" xmlns:w=\"http://ns.egret.com/wing\">\n\t<e:Image id=\"game_bg\" x=\"0\" y=\"0\" source=\"game_bg\"/>\n\t<e:Image id=\"select_single\" y=\"295\" source=\"select_single\" horizontalCenter=\"0\" width=\"300\" height=\"80\"/>\n\t<e:Image id=\"select_net\" y=\"631\" source=\"select_net\" width=\"300\" height=\"80\" horizontalCenter=\"0\"/>\n</e:Skin>"
    },
    {
      "path": "src/skins/GameSkin.exml",
      "content": "<?xml version='1.0' encoding='utf-8'?>\n<e:Skin class=\"GameSkin\" width=\"640\" height=\"960\" xmlns:e=\"http://ns.egret.com/eui\" xmlns:w=\"http://ns.egret.com/wing\">\n\t<e:Image rotation=\"0\" y=\"0\" id=\"bg\" x=\"0\" width=\"640\" height=\"960\" source=\"game_bg\"/>\n\t<e:Group y=\"0\" touchEnabled=\"false\" x=\"0\" width=\"640\" height=\"960\" id=\"player_group\">\n\t\t<e:Image id=\"head_match\" source=\"player_headbg\" y=\"0\" touchEnabled=\"false\" width=\"70\" height=\"70\" x=\"0\"/>\n\t\t<e:Label id=\"name_match\" x=\"75\" y=\"20\" size=\"30\" touchEnabled=\"false\" fontFamily=\"微软雅黑\" textAlign=\"center\" width=\"150\" height=\"40\" verticalAlign=\"middle\" textColor=\"0xFF0000\"/>\n\t\t<e:Image id=\"head_self\" source=\"player_headbg\" y=\"890\" touchEnabled=\"false\" width=\"70\" height=\"70\" x=\"0\"/>\n\t\t<e:Label id=\"name_self\" y=\"900\" size=\"30\" touchEnabled=\"false\" fontFamily=\"微软雅黑\" textAlign=\"center\" width=\"150\" height=\"40\" verticalAlign=\"middle\" x=\"75\" textColor=\"0x0000FF\"/>\n\t</e:Group>\n\t<e:Image source=\"ballfield\" width=\"500\" height=\"800\" horizontalCenter=\"0\" verticalCenter=\"0\" touchEnabled=\"false\"/>\n\t<e:Image source=\"ballnet\" width=\"500\" height=\"10\" verticalCenter=\"0\" y=\"10\" horizontalCenter=\"0\" touchEnabled=\"false\"/>\n\t<e:Image id=\"net_self_r\" source=\"net0\" x=\"560\" width=\"20\" height=\"0\" y=\"630\" touchEnabled=\"false\"/>\n\t<e:Image id=\"net_match_r\" source=\"net1\" x=\"560\" width=\"20\" height=\"0\" y=\"330\" touchEnabled=\"false\"/>\n\t<e:Image id=\"ballnet_left\" width=\"20\" height=\"300\" x=\"60\" source=\"ballnet\" y=\"330\" touchEnabled=\"false\"/>\n\t<e:Image id=\"ballnet_right\" source=\"ballnet\" x=\"560\" width=\"20\" height=\"300\" y=\"330\" touchEnabled=\"false\"/>\n\t<e:Image id=\"player1\" width=\"150\" y=\"1\" height=\"150\" source=\"player1\" touchEnabled=\"false\" x=\"245\" visible=\"false\"/>\n\t<e:Image id=\"player0\" y=\"809\" width=\"150\" height=\"150\" touchEnabled=\"false\" horizontalCenter=\"0\" source=\"player0\" visible=\"false\"/>\n\t<e:Image id=\"ball\" width=\"50\" height=\"50\" x=\"295\" y=\"455\" source=\"ball\" visible=\"false\"/>\n\t<e:Rect height=\"200\" width=\"200\" x=\"224\" y=\"104\" fillColor=\"0xFF0000\" visible=\"false\"/>\n\t<e:Group id=\"scene_group\" width=\"640\" x=\"0\" height=\"960\" y=\"0\" touchEnabled=\"false\">\n\t</e:Group>\n\t<e:Image source=\"waiting\" width=\"200\" touchEnabled=\"false\" height=\"200\" id=\"waiting\" x=\"220\" y=\"380\" visible=\"false\"/>\n</e:Skin>"
    },
    {
      "path": "src/skins/LoadingSkin.exml",
      "content": "<?xml version='1.0' encoding='utf-8'?>\n<e:Skin class=\"LoadingSkin\" width=\"640\" height=\"960\" xmlns:e=\"http://ns.egret.com/eui\" xmlns:w=\"http://ns.egret.com/wing\">\n\t<e:Group id=\"loading_group\" width=\"640\" height=\"960\" x=\"0\" y=\"0\">\n    \t<e:Image source=\"loading_bg\" x=\"0\" y=\"0\"/>\n        \t\t<e:Image id=\"logo_left\" source=\"logo_ani_0\" width=\"50\" height=\"50\" x=\"237\" y=\"378\"/>\n        \t\t<e:Image id=\"logo_right\" source=\"logo_right\" width=\"50\" height=\"50\" x=\"377\" y=\"403\"/>\n        \t\t<e:Image id=\"loading_l\" source=\"l\" x=\"265\" y=\"705\"/>\n        \t\t<e:Image id=\"loading_o\" source=\"o\" x=\"265\" y=\"705\"/>\n        \t\t<e:Image id=\"loading_a\" source=\"a\" x=\"265\" y=\"705\"/>\n        \t\t<e:Image id=\"loading_d\" source=\"d\" x=\"265\" y=\"705\"/>\n        \t\t<e:Image id=\"loading_i\" source=\"i\" x=\"265\" y=\"705\"/>\n        \t\t<e:Image id=\"loading_n\" source=\"n\" x=\"265\" y=\"705\"/>\n        \t\t<e:Image id=\"loading_g\" source=\"g\" x=\"265\" y=\"705\"/>\n        \t\t<e:Image id=\"loading_1\" source=\"1\" x=\"265\" y=\"705\"/>\n        \t\t<e:Image id=\"loading_2\" source=\"2\" x=\"265\" y=\"705\"/>\n        \t\t<e:Image id=\"loading_3\" source=\"3\" x=\"265\" y=\"705\"/>\n    </e:Group>\n</e:Skin>"
    }
  ],
  "skins": {
    "eui.Button": "resource/eui_skins/ButtonSkin.exml",
    "eui.CheckBox": "resource/eui_skins/CheckBoxSkin.exml",
    "eui.HScrollBar": "resource/eui_skins/HScrollBarSkin.exml",
    "eui.HSlider": "resource/eui_skins/HSliderSkin.exml",
    "eui.ItemRenderer": "resource/eui_skins/ItemRendererSkin.exml",
    "eui.Panel": "resource/eui_skins/PanelSkin.exml",
    "eui.ProgressBar": "resource/eui_skins/ProgressBarSkin.exml",
    "eui.RadioButton": "resource/eui_skins/RadioButtonSkin.exml",
    "eui.Scroller": "resource/eui_skins/ScrollerSkin.exml",
    "eui.TextInput": "resource/eui_skins/TextInputSkin.exml",
    "eui.ToggleSwitch": "resource/eui_skins/ToggleSwitchSkin.exml",
    "eui.VScrollBar": "resource/eui_skins/VScrollBarSkin.exml",
    "eui.VSlider": "resource/eui_skins/VSliderSkin.exml"
  }
}